"names","mean","upCI","lowCI"
"bottom_temp",0.34096543470174,0.522337877223861,0.15959299217962
"Jan_Feb_ice",-0.227440865800479,-0.0575421492419953,-0.397339582358962
"Mar_Apr_ice",-0.380115596066691,-0.188330728070931,-0.57190046406245
"Jan_Jun_SST",0.461812876032254,0.674341756628338,0.249283995436169
